origin,destination,distance
1,3,116830.471231549
1,5,174565.694575482
1,8,106013.590370818
1,10,105589.326302106
1,11,68845.8430489702
1,14,138788.39260435
1,16,156761.496392314
1,17,154443.242973301
1,18,156761.496392314
1,20,80759.2389463019
1,21,77099.5641710522
1,22,175833.216348115
1,24,85847.3097984673
1,25,159150.039192487
1,28,170272.704105975
1,34,70980.4992338526
1,36,142589.7081661
1,37,174139.485662412
1,38,161255.299399834
1,39,72325.0817058533
1,40,67454.6370297423
1,47,231447.903898148
1,51,235907.307345732
1,53,197578.407253152
1,62,417604.638971756
1,63,427625.607479329
1,64,423966.686205908
1,66,334354.178311575
1,68,367784.085443556
1,69,367455.343677506
1,78,349901.081345074
1,79,325571.207300575
1,85,369503.091344572
1,86,367937.843760323
1,89,39812.804829233
1,90,65187.3865847768
1,100,329793.933262004
1,101,358068.697281026
1,102,358068.697281026
1,103,383657.991543377
1,105,58632.8157299972
1,146,257536.394800918
1,147,273785.946775908
1,149,299907.894306632
1,150,253639.36036757
1,151,280450.957111903
3,1,116830.471231549
3,5,76745.2131437937
3,8,221434.542108122
3,10,221010.27803941
3,11,184266.794786272
3,14,49994.5885770052
3,16,56304.4603045014
3,17,53986.206885489
3,18,56304.4603045014
3,20,196180.190683605
3,21,192520.515908355
3,22,60161.9540627603
3,24,60696.4351508446
3,25,61369.9542875412
3,28,54601.4418206217
3,34,59595.2468677927
3,36,53795.9041387548
3,37,58468.223377058
3,38,65096.1911889647
3,39,57577.6507197423
3,40,156645.363906383
3,47,115776.64161279
3,51,120236.045060375
3,53,99757.925821461
3,62,301933.376686397
3,63,311954.34519397
3,64,308295.423920549
3,66,218682.916026219
3,68,252112.823158201
3,69,251784.08139215
3,78,234229.819059718
3,79,209899.94501522
3,85,253831.829059217
3,86,252266.581474967
3,89,147319.673342336
3,90,174494.129858835
3,100,214122.670976645
3,101,242397.434995667
3,102,242397.434995667
3,103,267986.729258018
3,105,166139.684243101
3,146,141865.132515561
3,147,158114.684490555
3,149,184236.632021273
3,150,137430.936012875
3,151,164242.53275721
5,1,174565.694575482
5,3,76745.2131437937
5,8,279169.765452056
5,10,278745.501383344
5,11,242002.018130205
5,14,39674.3602856297
5,16,29852.6550185993
5,17,27534.4015995869
5,18,29852.6550185993
5,20,253915.414027538
5,21,250255.739252288
5,22,91516.3416342354
5,24,97516.2546096992
5,25,16718.5991081471
5,28,93294.7947216329
5,34,103962.904105628
5,36,43003.5398923797
5,37,97161.5762780691
5,38,13463.1815801478
5,39,102653.511890077
5,40,214380.587250318
5,47,97216.642989905
5,51,101676.04643749
5,53,26615.3417615161
5,62,283373.378063511
5,63,293394.346571083
5,64,289735.425297663
5,66,205724.39639074
5,68,239154.303522722
5,69,238825.561756671
5,78,221271.29942424
5,79,196941.425379741
5,85,240873.309423738
5,86,239308.061839488
5,89,205054.896686269
5,90,232229.353202768
5,100,195562.672353758
5,101,223837.43637278
5,102,223837.43637278
5,103,249426.730635131
5,105,223874.907587035
5,146,123429.835802086
5,147,144967.310473076
5,149,165676.633398386
5,150,145798.651267069
5,151,158225.460851828
8,1,106013.590370818
8,3,221434.542108122
8,5,279169.765452054
8,10,424.264068711929
8,11,37226.3259656111
8,14,243392.463480923
8,16,261365.567268885
8,17,259047.313849872
8,18,261365.567268885
8,20,91786.8163383504
8,21,88127.1415631007
8,22,280437.287224687
8,24,190451.380675039
8,25,263754.110069058
8,28,274876.774982547
8,34,175584.570110423
8,36,247193.779042672
8,37,278743.556538984
8,38,265859.370276406
8,39,176929.152582424
8,40,164183.095202319
8,47,336051.97477472
8,51,340511.378222304
8,53,302182.478129724
8,62,522208.709848328
8,63,532229.678355899
8,64,528570.757082479
8,66,438958.249188147
8,68,472388.156320128
8,69,472059.414554078
8,78,454505.152221646
8,79,430175.278177147
8,85,474107.162221144
8,86,472541.914636895
8,89,95643.206798442
8,90,88366.6460633324
8,100,434398.004138576
8,101,462672.768157598
8,102,462672.768157598
8,103,488262.062419949
8,105,106741.837696895
8,146,362140.46567749
8,147,378390.01765248
8,149,404511.965183204
8,150,358243.431244144
8,151,385055.027988477
10,1,105589.326302106
10,3,221010.27803941
10,5,278745.501383342
10,8,424.264068711929
10,11,36802.0618968992
10,14,242968.199412211
10,16,260941.303200173
10,17,258623.04978116
10,18,260941.303200173
10,20,91362.5522696385
10,21,87702.8774943888
10,22,280013.023155975
10,24,190027.116606327
10,25,263329.846000346
10,28,274452.510913835
10,34,175160.306041711
10,36,246769.51497396
10,37,278319.292470272
10,38,265435.106207694
10,39,176504.888513712
10,40,163758.831133607
10,47,335627.710706008
10,51,340087.114153592
10,53,301758.214061012
10,62,521784.445779616
10,63,531805.414287187
10,64,528146.493013767
10,66,438533.985119435
10,68,471963.892251416
10,69,471635.150485366
10,78,454080.888152934
10,79,429751.014108435
10,85,473682.898152433
10,86,472117.650568183
10,89,95218.94272973
10,90,87942.3819946205
10,100,433973.740069864
10,101,462248.504088886
10,102,462248.504088886
10,103,487837.798351237
10,105,106317.573628183
10,146,361716.201608778
10,147,377965.753583768
10,149,404087.701114492
10,150,357819.167175432
10,151,384630.763919765
11,1,68845.84304897
11,3,184266.794786272
11,5,242002.018130204
11,8,37226.325965611
11,10,36802.0618968991
11,14,206224.716159073
11,16,224197.819947035
11,17,221879.566528023
11,18,224197.819947035
11,20,54619.0690165025
11,21,50959.3942412528
11,22,243269.539902837
11,24,153283.633353189
11,25,226586.362747209
11,28,237709.027660697
11,34,138416.822788574
11,36,210026.031720823
11,37,241575.809217134
11,38,228691.622954556
11,39,139761.405260574
11,40,127015.34788047
11,47,298884.22745287
11,51,303343.630900454
11,53,265014.730807874
11,62,485040.962526478
11,63,495061.931034051
11,64,491403.00976063
11,66,401790.501866296
11,68,435220.408998278
11,69,434891.667232227
11,78,417337.404899796
11,79,393007.530855297
11,85,436939.414899294
11,86,435374.167315044
11,89,58475.4594765939
11,90,51198.8987414842
11,100,397230.256816726
11,101,425505.020835748
11,102,425505.020835748
11,103,451094.315098099
11,105,69574.0903750482
11,146,324972.71835564
11,147,341222.27033063
11,149,367344.217861353
11,150,321075.683922294
11,151,347887.280666627
14,1,138788.392604351
14,3,49994.5885770051
14,5,39674.3602856297
14,8,243392.463480925
14,10,242968.199412213
14,11,206224.716159074
14,16,24841.7680651978
14,17,22523.5146461853
14,18,24841.7680651978
14,20,218138.112056407
14,21,214478.437281157
14,22,80119.5618140815
14,24,61738.952638569
14,25,24258.7049026348
14,28,74559.0495719437
14,34,68185.6021344975
14,36,3996.18059344894
14,37,78425.83112838
14,38,26363.9651099819
14,39,66876.2099189463
14,40,178603.285279186
14,47,107095.883686439
14,51,111555.287134024
14,53,62687.0729632979
14,62,293252.618760046
14,63,303273.587267618
14,64,299614.665994198
14,66,215603.637087275
14,68,249033.544219257
14,69,248704.802453206
14,78,231150.540120775
14,79,206820.666076276
14,85,250752.550120273
14,86,249187.302536023
14,89,169277.594715138
14,90,196452.051231637
14,100,205441.913050293
14,101,233716.677069315
14,102,233716.677069315
14,103,259305.971331666
14,105,188097.605615903
14,146,133309.076498621
14,147,154846.55116961
14,149,175555.874094921
14,150,155677.891963604
14,151,168104.701548363
16,1,156761.496392314
16,3,56304.4603045015
16,5,29852.6550185993
16,8,261365.567268888
16,10,260941.303200176
16,11,224197.819947038
16,14,24841.7680651978
16,17,2488.85438199983
16,18,0
16,20,236111.215844371
16,21,232451.541069121
16,22,78276.8569637506
16,24,79712.0564265319
16,25,15333.126291999
16,28,72716.3447216127
16,34,86158.7059224605
16,36,28170.9476719478
16,37,76583.126278049
16,38,18952.4758424985
16,39,84849.3137069093
16,40,196576.389067151
16,47,93177.1914069022
16,51,97636.5948544869
16,53,52612.9229015991
16,62,279333.926480508
16,63,289354.89498808
16,64,285695.97371466
16,66,201684.944807737
16,68,235114.851939719
16,69,234786.110173668
16,78,217231.847841236
16,79,192901.973796738
16,85,236833.857840735
16,86,235268.610256485
16,89,187250.698503102
16,90,214425.1550196
16,100,191523.220770755
16,101,219797.984789777
16,102,219797.984789777
16,103,245387.279052128
16,105,206070.709403867
16,146,119390.384219083
16,147,140927.858890073
16,149,161637.181815383
16,150,141759.199684066
16,151,154186.009268825
17,1,154443.242973302
17,3,53986.206885489
17,5,27534.4015995869
17,8,259047.313849876
17,10,258623.049781164
17,11,221879.566528025
17,14,22523.5146461853
17,16,2488.85438199983
17,18,2488.85438199983
17,20,233792.962425358
17,21,230133.287650108
17,22,75958.6035447383
17,24,77393.8030075194
17,25,13014.8728729865
17,28,70398.0913026002
17,34,83840.452503448
17,36,25852.6942529354
17,37,74264.8728590365
17,38,16634.2224234861
17,39,82531.0602878968
17,40,194258.135648138
17,47,90858.9379878897
17,51,95318.3414354744
17,53,50294.6694825867
17,62,277015.673061495
17,63,287036.641569067
17,64,283377.720295647
17,66,199366.691388724
17,68,232796.598520706
17,69,232467.856754655
17,78,214913.594422224
17,79,190583.720377725
17,85,234515.604421722
17,86,232950.356837472
17,89,184932.445084089
17,90,212106.901600588
17,100,189204.967351743
17,101,217479.731370764
17,102,217479.731370764
17,103,243069.025633115
17,105,203752.455984855
17,146,117072.130800071
17,147,138609.60547106
17,149,159318.92839637
17,150,139440.946265053
17,151,151867.755849812
18,1,156761.496392314
18,3,56304.4603045015
18,5,29852.6550185993
18,8,261365.567268888
18,10,260941.303200176
18,11,224197.819947038
18,14,24841.7680651978
18,16,0
18,17,2488.85438199983
18,20,236111.215844371
18,21,232451.541069121
18,22,78276.8569637506
18,24,79712.0564265319
18,25,15333.126291999
18,28,72716.3447216127
18,34,86158.7059224605
18,36,28170.9476719478
18,37,76583.126278049
18,38,18952.4758424985
18,39,84849.3137069093
18,40,196576.389067151
18,47,93177.1914069022
18,51,97636.5948544869
18,53,52612.9229015991
18,62,279333.926480508
18,63,289354.89498808
18,64,285695.97371466
18,66,201684.944807737
18,68,235114.851939719
18,69,234786.110173668
18,78,217231.847841236
18,79,192901.973796738
18,85,236833.857840735
18,86,235268.610256485
18,89,187250.698503102
18,90,214425.1550196
18,100,191523.220770755
18,101,219797.984789777
18,102,219797.984789777
18,103,245387.279052128
18,105,206070.709403867
18,146,119390.384219083
18,147,140927.858890073
18,149,161637.181815383
18,150,141759.199684066
18,151,154186.009268825
20,1,80759.2389463017
20,3,196180.190683604
20,5,253915.414027536
20,8,91786.81633835
20,10,91362.5522696381
20,11,54619.0690165024
20,14,218138.112056405
20,16,236111.215844367
20,17,233792.962425355
20,18,236111.215844367
20,21,3659.67477524977
20,22,255182.935800168
20,24,165197.029250521
20,25,238499.758644541
20,28,249622.423558029
20,34,150330.218685906
20,36,221939.427618155
20,37,253489.205114465
20,38,240605.018851888
20,39,151674.801157906
20,40,123146.592471497
20,47,310797.623350202
20,51,315257.026797786
20,53,276928.126705206
20,62,496954.35842381
20,63,506975.326931383
20,64,503316.405657962
20,66,413703.897763628
20,68,447133.80489561
20,69,446805.063129559
20,78,429250.800797128
20,79,404920.926752629
20,85,448852.810796626
20,86,447287.563212376
20,89,54606.7040676202
20,90,31318.5318854581
20,100,409143.652714058
20,101,437418.41673308
20,102,437418.41673308
20,103,463007.710995431
20,105,56664.0261858167
20,146,336886.114252972
20,147,353135.666227962
20,149,379257.613758685
20,150,332989.079819626
20,151,359800.676563959
21,1,77099.5641710519
21,3,192520.515908354
21,5,250255.739252286
21,8,88127.1415631005
21,10,87702.8774943886
21,11,50959.3942412527
21,14,214478.437281155
21,16,232451.541069117
21,17,230133.287650105
21,18,232451.541069117
21,20,3659.67477524977
21,22,251523.261024918
21,24,161537.354475271
21,25,234840.083869291
21,28,245962.748782779
21,34,146670.543910656
21,36,218279.752842905
21,37,249829.530339215
21,38,236945.344076638
21,39,148015.126382656
21,40,119486.917696247
21,47,307137.948574952
21,51,311597.352022536
21,53,273268.451929956
21,62,493294.68364856
21,63,503315.652156133
21,64,499656.730882712
21,66,410044.222988378
21,68,443474.13012036
21,69,443145.388354309
21,78,425591.126021878
21,79,401261.251977379
21,85,445193.136021376
21,86,443627.888437126
21,89,50947.0292923704
21,90,27658.8571102084
21,100,405483.977938808
21,101,433758.74195783
21,102,433758.74195783
21,103,459348.036220181
21,105,53004.3514105669
21,146,333226.439477722
21,147,349475.991452712
21,149,375597.938983435
21,150,329329.405044376
21,151,356141.001788709
22,1,175833.216348113
22,3,60161.95406276
22,5,91516.3416342353
22,8,280437.287224687
22,10,280013.023155975
22,11,243269.539902837
22,14,80119.561814082
22,16,78276.8569637507
22,17,75958.6035447383
22,18,78276.8569637507
22,20,255182.93580017
22,21,251523.26102492
22,24,119699.180267407
22,25,82681.7093584027
22,28,19237.290367859
22,34,118597.991984355
22,36,83448.741420832
22,37,22868.0039467955
22,38,83932.4980013157
22,39,116580.395836305
22,40,215648.10902295
22,47,68709.5443952252
22,51,73168.9478428089
22,53,107829.709543214
22,62,254866.279468828
22,63,264887.2479764
22,64,261228.32670298
22,66,173268.29465115
22,68,206698.201783132
22,69,206369.460017081
22,78,188815.19768465
22,79,164485.323640152
22,85,208417.207684148
22,86,206851.960099898
22,89,206322.418458901
22,90,233496.874975399
22,100,167055.573759076
22,101,195330.337778098
22,102,195330.337778098
22,103,220919.632040449
22,105,225142.429359666
22,146,94798.035297994
22,147,112511.208733486
22,149,137169.534803704
22,150,104573.567521563
22,151,120442.806124527
24,1,85847.3097984674
24,3,60696.4351508446
24,5,97516.254609699
24,8,190451.38067504
24,10,190027.116606328
24,11,153283.633353189
24,14,61738.9526385689
24,16,79712.056426532
24,17,77393.8030075195
24,18,79712.056426532
24,20,165197.029250521
24,21,161537.354475271
24,22,119699.180267406
24,25,82100.5992267044
24,28,114138.668025268
24,34,14961.237755615
24,36,65540.2682003185
24,37,118005.449581705
24,38,84205.8594340514
24,39,15256.4454169717
24,40,125662.2024733
24,47,163426.942954512
24,51,167886.346402096
24,53,120528.967287367
24,62,349583.67802812
24,63,359604.646535693
24,64,355945.725262272
24,66,271934.696355348
24,68,305364.60348733
24,69,305035.861721279
24,78,287481.599388847
24,79,263151.725344349
24,85,307083.609388346
24,86,305518.361804096
24,89,116336.511909253
24,90,143510.968425751
24,100,261772.972318368
24,101,290047.73633739
24,102,290047.73633739
24,103,315637.030599741
24,105,135156.522810018
24,146,189640.135766694
24,147,211177.610437681
24,149,231886.933362996
24,150,197505.324286863
24,151,224316.921031196
25,1,159150.039192487
25,3,61369.9542875412
25,5,16718.5991081471
25,8,263754.110069061
25,10,263329.846000349
25,11,226586.36274721
25,14,24258.7049026348
25,16,15333.126291999
25,17,13014.8728729865
25,18,15333.126291999
25,20,238499.758644543
25,21,234840.083869293
25,22,82681.7093584028
25,24,82100.5992267044
25,28,78240.8292404129
25,34,88547.248722633
25,36,27587.8845093849
25,37,82107.6107968492
25,38,4128.64655500875
25,39,87237.8565070818
25,40,198964.931867323
25,47,88382.0107140726
25,51,92841.4141616573
25,53,39731.3117858155
25,62,274538.745787678
25,63,284559.71429525
25,64,280900.79302183
25,66,196889.764114907
25,68,230319.671246889
25,69,229990.929480838
25,78,212436.667148407
25,79,188106.793103908
25,85,232038.677147905
25,86,230473.429563655
25,89,189639.241303274
25,90,216813.697819773
25,100,186728.040077925
25,101,215002.804096947
25,102,215002.804096947
25,103,240592.098359298
25,105,208459.25220404
25,146,114595.203526254
25,147,136132.678197243
25,149,156842.001122553
25,150,136964.018991236
25,151,149390.828575995
28,1,170272.704105975
28,3,54601.4418206217
28,5,93294.7947216323
28,8,274876.774982549
28,10,274452.510913837
28,11,237709.027660698
28,14,74559.0495719437
28,16,72716.3447216126
28,17,70398.0913026002
28,18,72716.3447216126
28,20,249622.423558031
28,21,245962.748782781
28,22,19237.290367859
28,24,114138.668025269
28,25,78240.8292404127
28,34,113037.479742217
28,36,77888.2291786938
28,37,4689.85428261925
28,38,81967.0661418361
28,39,111019.883594166
28,40,210087.596780811
28,47,81041.8891970409
28,51,85501.2926446252
28,53,116169.810238572
28,62,267198.624270645
28,63,277219.592778217
28,64,273560.671504797
28,66,185600.639452967
28,68,219030.546584949
28,69,218701.804818898
28,78,201147.542486467
28,79,176817.668441968
28,85,220749.552485965
28,86,219184.304901715
28,89,200761.906216762
28,90,227936.362733261
28,100,179387.918560893
28,101,207662.682579914
28,102,207662.682579914
28,103,233251.976842266
28,105,219581.917117528
28,146,107130.38009981
28,147,124843.553535302
28,149,149501.87960552
28,150,112648.632896254
28,151,132775.150926343
34,1,70980.4992338527
34,3,59595.2468677929
34,5,103962.904105627
34,8,175584.570110424
34,10,175160.306041713
34,11,138416.822788574
34,14,68185.6021344973
34,16,86158.7059224604
34,17,83840.452503448
34,18,86158.7059224604
34,20,150330.218685906
34,21,146670.543910656
34,22,118597.991984354
34,24,14961.237755615
34,25,88547.2487226329
34,28,113037.479742217
34,36,71986.9176962469
34,37,116904.261298653
34,38,90652.5089299798
34,39,4531.37186972422
34,40,110795.391908685
34,47,169873.592450441
34,51,174332.995898025
34,53,126975.616783296
34,62,356030.327524049
34,63,366051.296031622
34,64,362392.374758201
34,66,277118.953947816
34,68,310548.861079798
34,69,310220.119313747
34,78,292665.856981316
34,79,268335.982936817
34,85,312267.866980814
34,86,310702.619396564
34,89,101469.701344638
34,90,128644.157861135
34,100,268219.621814297
34,101,296494.385833319
34,102,296494.385833319
34,103,322083.68009567
34,105,120289.712245403
34,146,196086.785262623
34,147,216550.72241215
34,149,238333.582858925
34,150,196404.136003811
34,151,223215.732748144
36,1,142589.7081661
36,3,53795.9041387547
36,5,43003.5398923797
36,8,247193.779042674
36,10,246769.514973963
36,11,210026.031720824
36,14,3996.18059344894
36,16,28170.9476719478
36,17,25852.6942529354
36,18,28170.9476719478
36,20,221939.427618157
36,21,218279.752842907
36,22,83448.7414208314
36,24,65540.2682003186
36,25,27587.8845093849
36,28,77888.2291786938
36,34,71986.9176962471
36,37,81755.01073513
36,38,29693.144716732
36,39,70677.5254806959
36,40,182404.600840936
36,47,110425.063293189
36,51,114884.466740774
36,53,66016.2525700479
36,62,296581.798366796
36,63,306602.766874368
36,64,302943.845600948
36,66,218932.816694026
36,68,252362.723826007
36,69,252033.982059957
36,78,234479.719727525
36,79,210149.845683026
36,85,254081.729727023
36,86,252516.482142774
36,89,173078.910276888
36,90,200253.366793387
36,100,208771.092657044
36,101,237045.856676065
36,102,237045.856676065
36,103,262635.150938417
36,105,191898.921177653
36,146,136638.256105371
36,147,158175.73077636
36,149,178885.053701671
36,150,159007.071570354
36,151,171433.881155113
37,1,174139.485662411
37,3,58468.223377058
37,5,97161.5762780685
37,8,278743.556538985
37,10,278319.292470273
37,11,241575.809217135
37,14,78425.83112838
37,16,76583.1262780488
37,17,74264.8728590363
37,18,76583.1262780488
37,20,253489.205114468
37,21,249829.530339218
37,22,22868.0039467955
37,24,118005.449581705
37,25,82107.610796849
37,28,4689.85428261925
37,34,116904.261298653
37,36,81755.0107351301
37,38,85833.8476982724
37,39,114886.665150603
37,40,213954.378337248
37,47,84672.6027759772
37,51,89132.0062235618
37,53,120036.591795008
37,62,270829.337849582
37,63,280850.306357154
37,64,277191.385083734
37,66,189231.353031904
37,68,222661.260163885
37,69,222332.518397835
37,78,204778.256065403
37,79,180448.382020905
37,85,224380.266064902
37,86,222815.018480652
37,89,204628.687773199
37,90,231803.144289697
37,100,183018.632139829
37,101,211293.396158851
37,102,211293.396158851
37,103,236882.690421202
37,105,223448.698673964
37,146,110761.093678747
37,147,128474.267114239
37,149,153132.593184457
37,150,116279.346475191
37,151,136405.86450528
38,1,161255.299399834
38,3,65096.1911889648
38,5,13463.1815801478
38,8,265859.370276408
38,10,265435.106207696
38,11,228691.622954558
38,14,26363.9651099819
38,16,18952.4758424985
38,17,16634.2224234861
38,18,18952.4758424985
38,20,240605.018851891
38,21,236945.344076641
38,22,83932.4980013156
38,24,84205.8594340515
38,25,4128.64655500876
38,28,81967.0661418364
38,34,90652.5089299801
38,36,29693.144716732
38,37,85833.8476982726
38,39,89343.1167144289
38,40,201070.192074671
38,47,89632.7993569854
38,51,94092.20280457
38,53,36475.8942578162
38,62,275789.534430591
38,63,285810.502938163
38,64,282151.581664742
38,66,198140.55275782
38,68,231570.459889802
38,69,231241.718123751
38,78,213687.455791319
38,79,189357.581746821
38,85,233289.465790818
38,86,231724.218206568
38,89,191744.501510621
38,90,218918.95802712
38,100,187978.828720838
38,101,216253.59273986
38,102,216253.59273986
38,103,241842.887002211
38,105,210564.512411387
38,146,115845.992169166
38,147,137383.466840155
38,149,158092.789765466
38,150,138214.807634148
38,151,150641.617218908
39,1,72325.0817058533
39,3,57577.6507197424
39,5,102653.511890076
39,8,176929.152582425
39,10,176504.888513713
39,11,139761.405260574
39,14,66876.2099189461
39,16,84849.3137069093
39,17,82531.0602878968
39,18,84849.3137069093
39,20,151674.801157907
39,21,148015.126382657
39,22,116580.395836304
39,24,15256.4454169717
39,25,87237.8565070817
39,28,111019.883594166
39,34,4531.37186972422
39,36,70677.5254806957
39,37,114886.665150603
39,38,89343.1167144286
39,40,112139.974380686
39,47,168564.20023489
39,51,173023.603682474
39,53,125666.224567744
39,62,354720.935308498
39,63,364741.90381607
39,64,361082.98254265
39,66,275101.357799766
39,68,308531.264931747
39,69,308202.523165697
39,78,290648.260833265
39,79,266318.386788766
39,85,310250.270832764
39,86,308685.023248514
39,89,102814.283816639
39,90,129988.740333136
39,100,266910.229598746
39,101,295184.993617767
39,102,295184.993617767
39,103,320774.287880119
39,105,121634.294717403
39,146,194777.393047071
39,147,214533.126264099
39,149,237024.190643373
39,150,194386.53985576
39,151,221198.136600093
40,1,67454.6370297422
40,3,156645.363906384
40,5,214380.587250317
40,8,164183.095202321
40,10,163758.831133609
40,11,127015.34788047
40,14,178603.285279185
40,16,196576.389067148
40,17,194258.135648135
40,18,196576.389067148
40,20,123146.592471497
40,21,119486.917696247
40,22,215648.109022949
40,24,125662.202473301
40,25,198964.931867321
40,28,210087.596780809
40,34,110795.391908686
40,36,182404.600840935
40,37,213954.378337246
40,38,201070.192074669
40,39,112139.974380687
40,47,271262.796572982
40,51,275722.200020566
40,53,237393.299927986
40,62,457419.53164659
40,63,467440.500154163
40,64,463781.578880742
40,66,374169.070986409
40,68,407598.97811839
40,69,407270.236352339
40,78,389715.974019908
40,79,365386.099975409
40,85,409317.984019406
40,86,407752.736435156
40,89,70204.6029363851
40,90,97379.0594528822
40,100,369608.825936838
40,101,397883.58995586
40,102,397883.58995586
40,103,423472.884218211
40,105,77015.4761789939
40,146,297351.287475752
40,147,313600.839450742
40,149,339722.786981466
40,150,293454.253042406
40,151,320265.849786739
47,1,231447.903898146
47,3,115776.641612791
47,5,97216.6429899052
47,8,336051.97477472
47,10,335627.710706008
47,11,298884.227452869
47,14,107095.88368644
47,16,93177.1914069022
47,17,90858.9379878898
47,18,93177.1914069022
47,20,310797.623350203
47,21,307137.948574953
47,22,68709.5443952245
47,24,163426.942954512
47,25,88382.0107140726
47,28,81041.8891970408
47,34,169873.59245044
47,36,110425.06329319
47,37,84672.6027759773
47,38,89632.7993569856
47,39,168564.200234888
47,40,271262.796572983
47,51,18040.0126230972
47,53,113530.010898884
47,62,191158.242077262
47,63,201179.210584834
47,64,197520.289311414
47,66,135030.350469064
47,68,156406.715257804
47,69,156077.973491753
47,78,150577.253502563
47,79,126247.379458066
47,85,158125.72115882
47,86,156560.47357457
47,89,261937.106008933
47,90,289111.562525432
47,100,103347.53636751
47,101,131622.300386532
47,102,131622.300386532
47,103,157211.594648883
47,105,280757.116909699
47,146,39237.0067743847
47,147,70876.9139602823
47,149,73461.4974121392
47,150,99726.9323589956
47,151,98100.2142753329
51,1,235907.307345731
51,3,120236.045060375
51,5,101676.04643749
51,8,340511.378222305
51,10,340087.114153593
51,11,303343.630900454
51,14,111555.287134024
51,16,97636.5948544867
51,17,95318.3414354743
51,18,97636.5948544867
51,20,315257.026797787
51,21,311597.352022537
51,22,73168.9478428089
51,24,167886.346402096
51,25,92841.4141616571
51,28,85501.2926446253
51,34,174332.995898024
51,36,114884.466740774
51,37,89132.0062235618
51,38,94092.2028045701
51,39,173023.603682473
51,40,275722.200020567
51,47,18040.0126230972
51,53,117989.414346468
51,62,205083.603297288
51,63,215104.57180486
51,64,211445.65053144
51,66,146438.404233641
51,68,170332.076477829
51,69,170003.334711779
51,78,161985.307267139
51,79,137655.433222643
51,85,172051.082378845
51,86,170485.834794596
51,89,266396.509456518
51,90,293570.965973017
51,100,117272.897587535
51,101,145547.661606557
51,102,145547.661606557
51,103,171136.955868908
51,105,285216.520357283
51,146,51607.0466972778
51,147,82284.9677248593
51,149,87386.8586321639
51,150,107971.204268995
51,151,108131.296432628
53,1,197578.40725315
53,3,99757.9258214608
53,5,26615.3417615161
53,8,302182.478129724
53,10,301758.214061012
53,11,265014.730807874
53,14,62687.0729632979
53,16,52612.9229015991
53,17,50294.6694825867
53,18,52612.9229015991
53,20,276928.126705207
53,21,273268.451929957
53,22,107829.709543214
53,24,120528.967287368
53,25,39731.3117858155
53,28,116169.810238573
53,34,126975.616783296
53,36,66016.252570048
53,37,120036.591795009
53,38,36475.8942578162
53,39,125666.224567745
53,40,237393.299927987
53,47,113530.010898883
53,51,117989.414346468
53,62,299686.74597249
53,63,309707.714480062
53,64,306048.793206642
53,66,222037.764299719
53,68,255467.671431701
53,69,255138.92966565
53,78,237584.667333219
53,79,213254.79328872
53,85,257186.677332717
53,86,255621.429748467
53,89,228067.609363937
53,90,255242.065880436
53,100,211876.040262737
53,101,240150.804281759
53,102,240150.804281759
53,103,265740.09854411
53,105,246887.620264703
53,146,139743.203711065
53,147,161280.678382054
53,149,181990.001307365
53,150,162112.019176048
53,151,174538.828760807
62,1,417604.638971755
62,3,301933.376686399
62,5,283373.378063515
62,8,522208.709848329
62,10,521784.445779617
62,11,485040.962526478
62,14,293252.618760049
62,16,279333.926480511
62,17,277015.673061499
62,18,279333.926480511
62,20,496954.358423811
62,21,493294.683648562
62,22,254866.279468832
62,24,349583.678028121
62,25,274538.745787682
62,28,267198.624270649
62,34,356030.327524049
62,36,296581.798366799
62,37,270829.337849585
62,38,275789.534430594
62,39,354720.935308498
62,40,457419.531646592
62,47,191158.242077262
62,51,205083.603297287
62,53,299686.745972494
62,63,32961.8028750122
62,64,29211.08349444
62,66,110337.146290991
62,68,88775.7720782467
62,69,88375.7720782467
62,78,118844.47250244
62,79,123835.109295067
62,85,91860.3692129961
62,86,90295.1216287462
62,89,448093.841082542
62,90,475268.297599041
62,100,119426.172710311
62,101,74386.7313534659
62,102,74386.7313534659
62,103,66972.102839618
62,105,466913.851983308
62,146,206590.790984056
62,147,181824.610099305
62,149,138819.949769129
62,150,210658.629834901
62,151,175349.901037164
63,1,427625.607479326
63,3,311954.345193969
63,5,293394.346571085
63,8,532229.678355898
63,10,531805.414287187
63,11,495061.931034049
63,14,303273.58726762
63,16,289354.894988082
63,17,287036.641569069
63,18,289354.894988082
63,20,506975.326931382
63,21,503315.652156132
63,22,264887.247976402
63,24,359604.646535692
63,25,284559.714295252
63,28,277219.592778219
63,34,366051.29603162
63,36,306602.76687437
63,37,280850.306357156
63,38,285810.502938165
63,39,364741.903816069
63,40,467440.500154162
63,47,201179.210584833
63,51,215104.571804858
63,53,309707.714480065
63,62,32961.8028750122
63,64,13725.3892083777
63,66,119491.799071177
63,68,94438.7713949164
63,69,94038.7713949164
63,78,127999.125282626
63,79,133328.238686512
63,85,97523.3685296657
63,86,95958.1209454159
63,89,458114.809590113
63,90,485289.266106612
63,100,129447.141217881
63,101,84407.6998610364
63,102,84407.6998610364
63,103,76993.0713471883
63,105,476934.820490878
63,146,216611.759491627
63,147,191317.739490752
63,149,148840.9182767
63,150,220151.759226347
63,151,184843.03042861
64,1,423966.686205905
64,3,308295.423920549
64,5,289735.425297665
64,8,528570.757082479
64,10,528146.493013767
64,11,491403.009760629
64,14,299614.665994199
64,16,285695.973714662
64,17,283377.720295649
64,18,285695.973714662
64,20,503316.405657962
64,21,499656.730882712
64,22,261228.326702982
64,24,355945.725262271
64,25,280900.793021832
64,28,273560.671504799
64,34,362392.374758199
64,36,302943.845600949
64,37,277191.385083735
64,38,282151.581664745
64,39,361082.982542648
64,40,463781.578880742
64,47,197520.289311413
64,51,211445.650531438
64,53,306048.793206645
64,62,29211.08349444
64,63,13725.3892083777
64,66,115832.877797757
64,68,91492.4324609895
64,69,91092.4324609895
64,78,124340.204009206
64,79,129669.317413092
64,85,94577.0295957388
64,86,93011.782011489
64,89,454455.888316693
64,90,481630.344833192
64,100,125788.219944461
64,101,80748.7785876162
64,102,80748.7785876162
64,103,73334.1500737683
64,105,473275.899217458
64,146,212952.838218207
64,147,187658.818217331
64,149,145181.997003279
64,150,216492.837952927
64,151,181184.10915519
66,1,334354.178311575
66,3,218682.916026218
66,5,205724.396390742
66,8,438958.249188149
66,10,438533.985119437
66,11,401790.501866298
66,14,215603.637087277
66,16,201684.944807739
66,17,199366.691388726
66,18,201684.944807739
66,20,413703.897763631
66,21,410044.222988381
66,22,173268.29465115
66,24,271934.696355349
66,25,196889.764114909
66,28,185600.639452967
66,34,277118.953947817
66,36,218932.816694027
66,37,189231.353031904
66,38,198140.552757822
66,39,275101.357799766
66,40,374169.070986411
66,47,135030.350469062
66,51,146438.40423364
66,53,222037.764299722
66,62,110337.146290991
66,63,119491.799071177
66,64,115832.877797757
66,68,40843.4562846093
66,69,40514.7145185586
66,78,16755.4175279993
66,79,15269.6321101982
66,85,42562.4621856255
66,86,40997.2146013757
66,89,364843.380422362
66,90,392017.836938861
66,100,78882.586059627
66,101,67027.897132482
66,102,67027.897132482
66,103,90308.2039324993
66,105,383663.391323128
66,146,124767.18217455
66,147,85299.6273144379
66,149,78058.1916527404
66,150,110392.589767691
66,151,71007.1367812905
68,1,367784.085443553
68,3,252112.823158197
68,5,239154.303522722
68,8,472388.156320127
68,10,471963.892251415
68,11,435220.408998276
68,14,249033.544219256
68,16,235114.851939718
68,17,232796.598520706
68,18,235114.851939718
68,20,447133.804895609
68,21,443474.130120359
68,22,206698.201783129
68,24,305364.603487328
68,25,230319.671246889
68,28,219030.546584946
68,34,310548.861079795
68,36,252362.723826006
68,37,222661.260163882
68,38,231570.459889802
68,39,308531.264931744
68,40,407598.978118389
68,47,156406.715257804
68,51,170332.076477829
68,53,255467.671431701
68,62,88775.7720782467
68,63,94438.7713949164
68,64,91492.4324609894
68,66,40843.4562846092
68,69,400
68,78,49350.7824960583
68,79,54679.895899945
68,85,7241.32716502113
68,86,5676.07958077128
68,89,398273.28755434
68,90,425447.744070839
68,100,88154.0398147888
68,101,61641.6946956542
68,102,61641.6946956542
68,103,80237.5479847315
68,105,417093.298455106
68,146,158197.089306529
68,147,118729.534446416
68,149,97364.0923886795
68,150,147011.302868902
68,151,109246.974704847
69,1,367455.343677502
69,3,251784.081392146
69,5,238825.561756671
69,8,472059.414554076
69,10,471635.150485364
69,11,434891.667232226
69,14,248704.802453206
69,16,234786.110173668
69,17,232467.856754655
69,18,234786.110173668
69,20,446805.063129559
69,21,443145.388354309
69,22,206369.460017078
69,24,305035.861721278
69,25,229990.929480838
69,28,218701.804818895
69,34,310220.119313744
69,36,252033.982059956
69,37,222332.518397832
69,38,231241.718123751
69,39,308202.523165694
69,40,407270.236352339
69,47,156077.973491753
69,51,170003.334711779
69,53,255138.929665651
69,62,88375.7720782467
69,63,94038.7713949164
69,64,91092.4324609894
69,66,40514.7145185586
69,68,400
69,78,49022.0407300076
69,79,54351.1541338944
69,85,6912.58539897045
69,86,5347.3378147206
69,89,397944.54578829
69,90,425119.002304789
69,100,87825.2980487381
69,101,61312.9529296035
69,102,61312.9529296035
69,103,79837.5479847315
69,105,416764.556689055
69,146,157868.347540478
69,147,118400.792680365
69,149,97035.3506226289
69,150,146682.561102851
69,151,108918.232938796
78,1,349901.081345073
78,3,234229.819059717
78,5,221271.299424241
78,8,454505.152221647
78,10,454080.888152935
78,11,417337.404899797
78,14,231150.540120776
78,16,217231.847841238
78,17,214913.594422225
78,18,217231.847841238
78,20,429250.80079713
78,21,425591.12602188
78,22,188815.197684649
78,24,287481.599388848
78,25,212436.667148408
78,28,201147.542486466
78,34,292665.856981315
78,36,234479.719727526
78,37,204778.256065402
78,38,213687.455791321
78,39,290648.260833264
78,40,389715.97401991
78,47,150577.253502562
78,51,161985.30726714
78,53,237584.667333221
78,62,118844.47250244
78,63,127999.125282626
78,64,124340.204009206
78,66,16755.4175279993
78,68,49350.7824960584
78,69,49022.0407300077
78,79,31977.8360426976
78,85,51069.7883970746
78,86,49504.5408128248
78,89,380390.28345586
78,90,407564.739972359
78,100,90901.3322762188
78,101,77140.4855909295
78,102,77140.4855909295
78,103,99352.6942529353
78,105,399210.294356626
78,146,140314.085208048
78,147,100846.530347936
78,149,91316.212315886
78,150,125939.49280119
78,151,87715.3407137896
79,1,325571.207300577
79,3,209899.94501522
79,5,196941.425379744
79,8,430175.278177151
79,10,429751.014108439
79,11,393007.5308553
79,14,206820.666076278
79,16,192901.973796741
79,17,190583.720377728
79,18,192901.973796741
79,20,404920.926752633
79,21,401261.251977383
79,22,164485.323640152
79,24,263151.72534435
79,25,188106.793103911
79,28,176817.668441969
79,34,268335.982936819
79,36,210149.845683028
79,37,180448.382020906
79,38,189357.581746824
79,39,266318.386788768
79,40,365386.099975413
79,47,126247.379458064
79,51,137655.433222642
79,53,213254.793288724
79,62,123835.109295067
79,63,133328.238686512
79,64,129669.317413092
79,66,15269.6321101982
79,68,54679.8958999451
79,69,54351.1541338944
79,78,31977.8360426976
79,85,56398.9018009614
79,86,54833.6542167115
79,89,356060.409411364
79,90,383234.865927863
79,100,84244.2489928746
79,101,77504.2903347319
79,102,77504.2903347319
79,103,102861.995336747
79,105,374880.42031213
79,146,115984.211163552
79,147,76516.6563034399
79,149,83419.854585988
79,150,101609.618756693
79,151,60300.1934536611
85,1,369503.091344569
85,3,253831.829059213
85,5,240873.309423738
85,8,474107.162221143
85,10,473682.898152431
85,11,436939.414899293
85,14,250752.550120273
85,16,236833.857840735
85,17,234515.604421722
85,18,236833.857840735
85,20,448852.810796626
85,21,445193.136021376
85,22,208417.207684145
85,24,307083.609388345
85,25,232038.677147905
85,28,220749.552485962
85,34,312267.866980811
85,36,254081.729727023
85,37,224380.266064899
85,38,233289.465790818
85,39,310250.27083276
85,40,409317.984019406
85,47,158125.721158821
85,51,172051.082378846
85,53,257186.677332718
85,62,91860.3692129961
85,63,97523.3685296657
85,64,94577.0295957387
85,66,42562.4621856256
85,68,7241.32716502113
85,69,6912.58539897045
85,78,51069.7883970747
85,79,56398.9018009614
85,86,1565.24758424985
85,89,399992.293455357
85,90,427166.749971856
85,100,89873.0457158051
85,101,63396.3297136451
85,102,63396.3297136451
85,103,82330.6596139818
85,105,418812.304356122
85,146,159916.095207545
85,147,120448.540347432
85,149,99083.0982896959
85,150,148730.308769919
85,151,110965.980605863
86,1,367937.84376032
86,3,252266.581474963
86,5,239308.061839488
86,8,472541.914636894
86,10,472117.650568182
86,11,435374.167315043
86,14,249187.302536023
86,16,235268.610256485
86,17,232950.356837472
86,18,235268.610256485
86,20,447287.563212376
86,21,443627.888437126
86,22,206851.960099896
86,24,305518.361804095
86,25,230473.429563655
86,28,219184.304901712
86,34,310702.619396561
86,36,252516.482142773
86,37,222815.018480649
86,38,231724.218206568
86,39,308685.023248511
86,40,407752.736435156
86,47,156560.473574571
86,51,170485.834794596
86,53,255621.429748468
86,62,90295.1216287462
86,63,95958.1209454159
86,64,93011.7820114889
86,66,40997.2146013757
86,68,5676.07958077128
86,69,5347.3378147206
86,78,49504.5408128248
86,79,54833.6542167115
86,85,1565.24758424985
86,89,398427.045871107
86,90,425601.502387606
86,100,88307.7981315553
86,101,61831.0821293953
86,102,61831.0821293953
86,103,80765.412029732
86,105,417247.056771872
86,146,158350.847623295
86,147,118883.292763182
86,149,97517.850705446
86,150,147165.061185669
86,151,109400.733021613
89,1,39812.804829233
89,3,147319.673342336
89,5,205054.896686269
89,8,95643.2067984415
89,10,95218.9427297296
89,11,58475.4594765939
89,14,169277.594715138
89,16,187250.6985031
89,17,184932.445084088
89,18,187250.6985031
89,20,54606.7040676202
89,21,50947.0292923705
89,22,206322.418458901
89,24,116336.511909253
89,25,189639.241303274
89,28,200761.906216762
89,34,101469.701344638
89,36,173078.910276888
89,37,204628.687773198
89,38,191744.501510621
89,39,102814.283816639
89,40,70204.6029363851
89,47,261937.106008934
89,51,266396.509456519
89,53,228067.609363939
89,62,448093.841082543
89,63,458114.809590115
89,64,454455.888316695
89,66,364843.380422361
89,68,398273.287554343
89,69,397944.545788292
89,78,380390.28345586
89,79,356060.409411362
89,85,399992.293455359
89,86,398427.045871109
89,90,29836.7863242963
89,100,360283.13537279
89,101,388557.899391812
89,102,388557.899391812
89,103,414147.193654163
89,105,27548.5291572496
89,146,288025.596911705
89,147,304275.148886694
89,149,330397.096417418
89,150,284128.562478358
89,151,310940.159222691
90,1,65187.3865847765
90,3,174494.129858834
90,5,232229.353202767
90,8,88366.6460633319
90,10,87942.38199462
90,11,51198.8987414841
90,14,196452.051231635
90,16,214425.155019597
90,17,212106.901600585
90,18,214425.155019597
90,20,31318.5318854583
90,21,27658.8571102085
90,22,233496.874975399
90,24,143510.968425751
90,25,216813.697819771
90,28,227936.362733259
90,34,128644.157861136
90,36,200253.366793385
90,37,231803.144289696
90,38,218918.958027118
90,39,129988.740333136
90,40,97379.0594528822
90,47,289111.562525432
90,51,293570.965973016
90,53,255242.065880436
90,62,475268.297599041
90,63,485289.266106613
90,64,481630.344833193
90,66,392017.836938859
90,68,425447.74407084
90,69,425119.00230479
90,78,407564.739972358
90,79,383234.86592786
90,85,427166.749971857
90,86,425601.502387607
90,89,29836.7863242963
90,100,387457.591889288
90,101,415732.35590831
90,102,415732.35590831
90,103,441321.650170661
90,105,28216.9027022297
90,146,315200.053428203
90,147,331449.605403192
90,149,357571.552933916
90,150,311303.018994856
90,151,338114.615739189
100,1,329793.933262
100,3,214122.670976643
100,5,195562.672353759
100,8,434398.004138574
100,10,433973.740069862
100,11,397230.256816723
100,14,205441.913050294
100,16,191523.220770756
100,17,189204.967351743
100,18,191523.220770756
100,20,409143.652714056
100,21,405483.977938806
100,22,167055.573759076
100,24,261772.972318366
100,25,186728.040077926
100,28,179387.918560893
100,34,268219.621814294
100,36,208771.092657044
100,37,183018.63213983
100,38,187978.828720839
100,39,266910.229598743
100,40,369608.825936836
100,47,103347.53636751
100,51,117272.897587535
100,53,211876.040262739
100,62,119426.172710311
100,63,129447.141217881
100,64,125788.219944461
100,66,78882.5860596268
100,68,88154.0398147888
100,69,87825.2980487381
100,78,90901.3322762189
100,79,84244.2489928747
100,85,89873.0457158052
100,86,88307.7981315553
100,89,360283.135372787
100,90,387457.591889286
100,101,59890.231019584
100,102,59890.231019584
100,103,85479.5252819346
100,105,379103.146273552
100,146,118780.085274302
100,147,127288.484728014
100,149,53960.4944520427
100,150,156122.504463608
100,151,120813.775665873
101,1,358068.697281023
101,3,242397.434995666
101,5,223837.436372782
101,8,462672.768157597
101,10,462248.504088885
101,11,425505.020835746
101,14,233716.677069317
101,16,219797.984789779
101,17,217479.731370767
101,18,219797.984789779
101,20,437418.416733079
101,21,433758.741957829
101,22,195330.3377781
101,24,290047.736337389
101,25,215002.80409695
101,28,207662.682579916
101,34,296494.385833317
101,36,237045.856676067
101,37,211293.396158853
101,38,216253.592739862
101,39,295184.993617766
101,40,397883.589955859
101,47,131622.300386531
101,51,145547.661606556
101,53,240150.804281762
101,62,74386.7313534662
101,63,84407.6998610364
101,64,80748.7785876164
101,66,67027.897132482
101,68,61641.6946956541
101,69,61312.9529296034
101,78,77140.4855909295
101,79,77504.290334732
101,85,63396.3297136451
101,86,61831.0821293953
101,89,388557.89939181
101,90,415732.355908309
101,100,59890.2310195841
101,102,0
101,103,38427.2388416944
101,105,407377.910292576
101,146,147054.849293325
101,147,126497.439102866
101,149,79284.008078402
101,150,155331.45883846
101,151,120022.730040724
102,1,358068.697281023
102,3,242397.434995666
102,5,223837.436372782
102,8,462672.768157597
102,10,462248.504088885
102,11,425505.020835746
102,14,233716.677069317
102,16,219797.984789779
102,17,217479.731370767
102,18,219797.984789779
102,20,437418.416733079
102,21,433758.741957829
102,22,195330.3377781
102,24,290047.736337389
102,25,215002.80409695
102,28,207662.682579916
102,34,296494.385833317
102,36,237045.856676067
102,37,211293.396158853
102,38,216253.592739862
102,39,295184.993617766
102,40,397883.589955859
102,47,131622.300386531
102,51,145547.661606556
102,53,240150.804281762
102,62,74386.7313534662
102,63,84407.6998610364
102,64,80748.7785876164
102,66,67027.897132482
102,68,61641.6946956541
102,69,61312.9529296034
102,78,77140.4855909295
102,79,77504.290334732
102,85,63396.3297136451
102,86,61831.0821293953
102,89,388557.89939181
102,90,415732.355908309
102,100,59890.2310195841
102,101,0
102,103,38427.2388416944
102,105,407377.910292576
102,146,147054.849293325
102,147,126497.439102866
102,149,79284.008078402
102,150,155331.45883846
102,151,120022.730040724
103,1,383657.991543376
103,3,267986.729258019
103,5,249426.730635135
103,8,488262.06241995
103,10,487837.798351238
103,11,451094.315098099
103,14,259305.97133167
103,16,245387.279052132
103,17,243069.02563312
103,18,245387.279052132
103,20,463007.710995432
103,21,459348.036220182
103,22,220919.632040453
103,24,315637.030599742
103,25,240592.098359303
103,28,233251.976842269
103,34,322083.68009567
103,36,262635.15093842
103,37,236882.690421206
103,38,241842.887002215
103,39,320774.287880119
103,40,423472.884218212
103,47,157211.594648884
103,51,171136.955868909
103,53,265740.098544115
103,62,66972.1028396179
103,63,76993.0713471885
103,64,73334.1500737684
103,66,90308.2039324993
103,68,80237.5479847315
103,69,79837.5479847315
103,78,99352.6942529352
103,79,102861.995336747
103,85,82330.6596139818
103,86,80765.412029732
103,89,414147.193654163
103,90,441321.650170662
103,100,85479.5252819344
103,101,38427.2388416944
103,102,38427.2388416944
103,105,432967.204554929
103,146,172644.143555677
103,147,151855.144104882
103,149,104873.302340753
103,150,180689.163840477
103,151,145380.43504274
105,1,58632.8157299975
105,3,166139.684243101
105,5,223874.907587034
105,8,106741.837696896
105,10,106317.573628184
105,11,69574.0903750481
105,14,188097.605615902
105,16,206070.709403864
105,17,203752.455984852
105,18,206070.709403864
105,20,56664.0261858164
105,21,53004.3514105667
105,22,225142.429359666
105,24,135156.522810018
105,25,208459.252204038
105,28,219581.917117526
105,34,120289.712245403
105,36,191898.921177652
105,37,223448.698673963
105,38,210564.512411385
105,39,121634.294717403
105,40,77015.476178994
105,47,280757.116909699
105,51,285216.520357283
105,53,246887.620264703
105,62,466913.851983308
105,63,476934.82049088
105,64,473275.899217459
105,66,383663.391323126
105,68,417093.298455107
105,69,416764.556689057
105,78,399210.294356625
105,79,374880.420312126
105,85,418812.304356124
105,86,417247.056771874
105,89,27548.5291572496
105,90,28216.9027022298
105,100,379103.146273555
105,101,407377.910292577
105,102,407377.910292577
105,103,432967.204554928
105,146,306845.607812469
105,147,323095.159787459
105,149,349217.107318183
105,150,302948.573379123
105,151,329760.170123456
146,1,257536.394800916
146,3,141865.132515561
146,5,123429.835802085
146,8,362140.46567749
146,10,361716.201608778
146,11,324972.718355639
146,14,133309.07649862
146,16,119390.384219082
146,17,117072.13080007
146,18,119390.384219082
146,20,336886.114252972
146,21,333226.439477722
146,22,94798.035297994
146,24,189640.135766692
146,25,114595.203526253
146,28,107130.38009981
146,34,196086.78526262
146,36,136638.25610537
146,37,110761.093678747
146,38,115845.992169166
146,39,194777.393047069
146,40,297351.287475752
146,47,39237.0067743847
146,51,51607.0466972778
146,53,139743.203711064
146,62,206590.790984056
146,63,216611.759491629
146,64,212952.838218208
146,66,124767.182174551
146,68,158197.089306531
146,69,157868.34754048
146,78,140314.08520805
146,79,115984.211163553
146,85,159916.095207547
146,86,158350.847623297
146,89,288025.596911703
146,90,315200.053428202
146,100,118780.085274303
146,101,147054.849293326
146,102,147054.849293326
146,103,172644.143555677
146,105,306845.607812469
146,147,60613.7456657693
146,149,88894.0463189324
146,150,98549.5341569976
146,151,89795.8160664927
147,1,273785.946775911
147,3,158114.684490554
147,5,144967.310473074
147,8,378390.017652485
147,10,377965.753583773
147,11,341222.270330634
147,14,154846.551169609
147,16,140927.858890071
147,17,138609.605471058
147,18,140927.858890071
147,20,353135.666227967
147,21,349475.991452717
147,22,112511.208733486
147,24,211177.610437681
147,25,136132.678197241
147,28,124843.553535302
147,34,216550.722412152
147,36,158175.730776359
147,37,128474.267114239
147,38,137383.466840154
147,39,214533.126264102
147,40,313600.839450747
147,47,70876.9139602829
147,51,82284.9677248598
147,53,161280.678382054
147,62,181824.610099305
147,63,191317.739490752
147,64,187658.818217332
147,66,85299.6273144381
147,68,118729.534446416
147,69,118400.792680365
147,78,100846.530347936
147,79,76516.65630344
147,85,120448.540347432
147,86,118883.292763182
147,89,304275.148886698
147,90,331449.605403197
147,100,127288.484728015
147,101,126497.439102866
147,102,126497.439102866
147,103,151855.144104882
147,105,323095.159787463
147,146,60613.7456657693
147,149,120694.600192346
147,150,76660.5285593499
147,151,55989.4184815713
149,1,299907.894306627
149,3,184236.632021271
149,5,165676.633398386
149,8,404511.965183201
149,10,404087.701114489
149,11,367344.217861351
149,14,175555.87409492
149,16,161637.181815382
149,17,159318.92839637
149,18,161637.181815382
149,20,379257.613758684
149,21,375597.938983434
149,22,137169.534803704
149,24,231886.933362992
149,25,156842.001122553
149,28,149501.879605521
149,34,238333.58285892
149,36,178885.05370167
149,37,153132.593184457
149,38,158092.789765465
149,39,237024.190643369
149,40,339722.786981464
149,47,73461.4974121392
149,51,87386.8586321639
149,53,181990.001307365
149,62,138819.949769129
149,63,148840.9182767
149,64,145181.99700328
149,66,78058.1916527405
149,68,97364.0923886794
149,69,97035.3506226287
149,78,91316.2123158857
149,79,83419.8545859877
149,85,99083.0982896958
149,86,97517.850705446
149,89,330397.096417414
149,90,357571.552933913
149,100,53960.4944520427
149,101,79284.0080784019
149,102,79284.0080784019
149,103,104873.302340753
149,105,349217.10731818
149,146,88894.0463189325
149,147,120694.600192346
149,150,153651.844492338
149,151,119989.381258986
150,1,253639.360367568
150,3,137430.936012876
150,5,145798.651267068
150,8,358243.431244142
150,10,357819.16717543
150,11,321075.683922291
150,14,155677.891963602
150,16,141759.199684065
150,17,139440.946265052
150,18,141759.199684065
150,20,332989.079819624
150,21,329329.405044374
150,22,104573.567521563
150,24,197505.32428686
150,25,136964.018991235
150,28,112648.632896254
150,34,196404.136003809
150,36,159007.071570352
150,37,116279.346475191
150,38,138214.807634148
150,39,194386.539855759
150,40,293454.253042404
150,47,99726.9323589955
150,51,107971.204268995
150,53,162112.019176048
150,62,210658.6298349
150,63,220151.759226347
150,64,216492.837952927
150,66,110392.589767692
150,68,147011.302868902
150,69,146682.561102851
150,78,125939.49280119
150,79,101609.618756694
150,85,148730.308769918
150,86,147165.061185668
150,89,284128.562478355
150,90,311303.018994854
150,100,156122.504463609
150,101,155331.45883846
150,102,155331.45883846
150,103,180689.163840476
150,105,302948.57337912
150,146,98549.5341569975
150,147,76660.5285593498
150,149,153651.844492338
150,151,44090.0095496701
151,1,280450.957111903
151,3,164242.532757211
151,5,158225.460851827
151,8,385055.027988477
151,10,384630.763919765
151,11,347887.280666626
151,14,168104.701548362
151,16,154186.009268824
151,17,151867.755849811
151,18,154186.009268824
151,20,359800.676563959
151,21,356141.001788709
151,22,120442.806124527
151,24,224316.921031195
151,25,149390.828575994
151,28,132775.150926343
151,34,223215.732748144
151,36,171433.881155112
151,37,136405.86450528
151,38,150641.617218907
151,39,221198.136600094
151,40,320265.849786739
151,47,98100.2142753328
151,51,108131.296432628
151,53,174538.828760807
151,62,175349.901037163
151,63,184843.03042861
151,64,181184.10915519
151,66,71007.1367812907
151,68,109246.974704847
151,69,108918.232938797
151,78,87715.34071379
151,79,60300.193453661
151,85,110965.980605864
151,86,109400.733021614
151,89,310940.15922269
151,90,338114.615739189
151,100,120813.775665873
151,101,120022.730040725
151,102,120022.730040725
151,103,145380.43504274
151,105,329760.170123455
151,146,89795.8160664928
151,147,55989.4184815713
151,149,119989.381258986
151,150,44090.0095496702
